year-to-month,approx.1m,approx.2m,approx.3m,approx.6m,approx.12m
2000-01,0.058861596814285336,0.061346774721544824,0.062081876402568764,0.06331726262682805,0.06451823296612927
2000-02,0.0603864538007988,0.06197903214206939,0.06307050657630861,0.0638130496618397,0.06510514434474286
2000-03,0.0675658000435476,0.06464654079893359,0.06477547352658566,0.06460309835348882,0.06653453019974588
2000-04,0.05871095488348566,0.06647582973431085,0.06638917911556802,0.0692802031142129,0.07028347870821691
2000-05,0.06711790646226978,0.06466512946459313,0.06759345389471805,0.069963075051589,0.07035693089554498
2000-06,0.06446610035519959,0.06674932359389396,0.06823229419070384,0.07004040137329173,0.07066739530209241
2000-07,0.06533182209669493,0.06782031343285738,0.06758156975385175,0.06998648713855625,0.0702278644596821
2000-08,0.07230375907643521,0.06696348149252962,0.07039073333141005,0.07053357791917711,0.07035658328496378
2000-09,0.06869874845949658,0.06852708465714943,0.07049108390816698,0.07073341625800143,0.07020405308611621
2000-10,0.07580325070823701,0.06942056146599651,0.06679184268676945,0.06688075340975773,0.06560189452935875
2000-11,0.07223214232650603,0.06578920024143617,0.06718469202971482,0.06716695484825247,0.06533641675672039
2000-12,0.07056723637635291,0.06694475620479015,0.06557661260978885,0.06486984012385144,0.0652913868317306
2001-01,0.06400375627047211,0.05978438862969368,0.05708367916792796,0.05503392110725688,0.052518287542304774
2001-02,0.05907111784998008,0.056410216733559324,0.05430348771203747,0.05163391361623642,0.05135152730119238
2001-03,0.04899729552108423,0.053105069326795894,0.05158996068669798,0.050520192197132684,0.05184404775992936
2001-04,0.04083487671318815,0.047138173076425684,0.03815408118247518,0.045932247320524165,0.046205889875088516
2001-05,0.03506860258086658,0.04252701243982855,0.04041661917502082,0.04420027043676217,0.043237483948706
2001-06,0.042006976914167576,0.038853582972201546,0.03973550192243712,0.039474343718207086,0.04036941028004614
2001-07,0.035186790797191114,0.041346836781617234,0.04212140480863669,0.04012503568801205,0.04126620512171797
2001-08,0.03720108047417393,0.038387598095306334,0.0361962894588889,0.03807160961149486,0.037544280985043144
2001-09,0.025065608645814967,0.03636902585234619,0.03405190476313305,0.02748618806674831,0.03317960602664753
2001-10,0.024419937094730698,0.025191307211274393,0.02717734941929055,0.024158344902911896,0.02505409383620704
2001-11,0.02181846955508452,0.019572056152427082,0.020059739583372233,0.022278676575660475,0.02445846264875752
2001-12,0.014455744032609626,0.020564523587765483,0.020471805081927984,0.02164004409830482,0.0238127527853338
2002-01,0.017312482950641146,0.01841935994119468,0.022147629757591183,0.019615950124261053,0.022974292988725033
2002-02,0.02149240113312563,0.01916918629876925,0.018783365870537527,0.02098233920088944,0.023097581119212233
2002-03,0.017984521303589962,0.017815166637390994,0.019552063734213677,0.021504183825679694,0.02560730030765805
2002-04,0.01928775103379668,0.019352759380306134,0.021681707456618023,0.02267479529364507,0.026940975635001255
2002-05,0.02153070693159117,0.019399941485863867,0.019920755567170472,0.021782365893707724,0.024996898908537412
2002-06,0.019466806805487402,0.019369352355850848,0.01959845089394145,0.02077133989411711,0.02383633453995445
2002-07,0.020637100927964152,0.020278429406618732,0.019881593265706723,0.020021554088190383,0.021695399736399182
2002-08,0.01827081352946434,0.02039548256291153,0.018777785577534817,0.019319404551812146,0.019575900763634607
2002-09,0.01927276944211271,0.01976211811601419,0.018639076490203528,0.01801299604350673,0.0189926079492502
2002-10,0.018148025995600826,0.01867410332373652,0.01784492895992067,0.017580544337003987,0.017724013192650274
2002-11,0.012885444328694713,0.0165741332359184,0.015311313056387724,0.015521981458331943,0.017115241593755076
2002-12,0.011092290834288717,0.014202475771948046,0.015060163134819067,0.015555017886066228,0.01675014803397537
2003-01,0.009754451395720122,0.014352992471477276,0.01417174696631672,0.013775602328275526,0.014260611748162707
2003-02,0.009578783793851986,0.013861951379474003,0.01323671865932536,0.013434968763313796,0.01348783838761913
2003-03,0.012840817540420497,0.012005312777650858,0.013173978033512583,0.013614485215204593,0.013380929155101487
2003-04,0.011667644741948867,0.014611177604595675,0.012924916962171152,0.014782716732525528,0.015015094781532803
2003-05,0.01355908755470249,0.011819982981555316,0.01272226589367524,0.012204964411180156,0.012037251544358375
2003-06,0.010351928149684369,0.0121202872557706,0.011573215520384577,0.010737565166458025,0.010716219626826184
2003-07,0.007026122999722478,0.011618861395495308,0.010625760763662508,0.011407375522973169,0.011721533176760475
2003-08,0.011102025610685694,0.011088956246536169,0.011822176261962112,0.012313965655823754,0.013446543626730601
2003-09,0.012123910702789656,0.011465467458560072,0.01182922548062495,0.012440059786644794,0.012639129327765865
2003-10,0.011483618009603675,0.012843079845183021,0.012260364335102351,0.012981646134789537,0.014151546299991864
2003-11,0.014698035321828219,0.01686418727766959,0.013280984378752862,0.01363129640775406,0.015345228123375526
2003-12,0.009054023350002813,0.010570454469917612,0.01214741319501139,0.013143464046892065,0.015078028642420072
2004-01,0.008102800916898169,0.011632464244227984,0.013535781538158112,0.012443146027308862,0.014061557613167183
2004-02,0.010612565273781663,0.012416746117307486,0.012067990309975483,0.012424521629624376,0.013513458973917397
2004-03,0.014298567270782436,0.011281042004219812,0.01216342597273393,0.012313587008278143,0.01267968456221588
2004-04,0.00904346562278491,0.01101514870781798,0.01240194088596252,0.013381662169369948,0.016772719100876268
2004-05,0.015447709805203559,0.012914034234022993,0.014269092869125774,0.01654944076150684,0.019634510542337117
2004-06,0.016254241067691827,0.01344841078443131,0.014389959712116865,0.01814308324286488,0.02271626954012999
2004-07,0.010407064035647961,0.013838240077557584,0.015628992596993904,0.019598522064415817,0.022757644485467642
2004-08,0.017957170089797157,0.016503761400362242,0.018415212293724677,0.02017802349048537,0.021795235695199106
2004-09,0.023029664364164364,0.01904354121376306,0.01984049036967936,0.02086716700126453,0.022166353148176433
2004-10,0.0239699162970425,0.02064876746411303,0.021427373425002866,0.022792592923062488,0.024344711937962286
2004-11,0.025603854596786338,0.023711623916804443,0.02392323084829869,0.026233577532636155,0.028647475394345236
2004-12,0.02485206123845687,0.02764935746802631,0.026672171388278813,0.027981271126701034,0.029951234320682918
2005-01,0.026554048648285714,0.027992145596578977,0.024713662003946927,0.02920235734535359,0.032007223620762006
2005-02,0.03780504636564478,0.029061795088354034,0.029904014135409492,0.031628957768704766,0.03325771069035397
2005-03,0.03449537888611987,0.032452586228738235,0.03150925144946122,0.033932705427553424,0.03575549137853448
2005-04,0.03008330456877778,0.03265645575488548,0.03067919006377194,0.03481926238216601,0.03704790114843431
2005-05,0.034153823345580266,0.030754292770645498,0.034832021290593,0.03579505805876571,0.037398528464391345
2005-06,0.040732248131002194,0.03556625387856177,0.03650672256893145,0.037684970657102704,0.03805697842083554
2005-07,0.037243391794127056,0.03698485915914356,0.03712945848225136,0.03947424271150671,0.041037711352402376
2005-08,0.04088367324008681,0.03750719379068912,0.03951779630142674,0.04084199991779361,0.042318800327340735
2005-09,0.037366208761376876,0.036143919929346416,0.03995495377012411,0.04217438968993238,0.04141870633599411
2005-10,0.05044271671256316,0.04279977101624958,0.042002858839482335,0.0445090522764974,0.045980058028856054
2005-11,0.044950048391772704,0.04280852574248157,0.0437466262042918,0.04579914600635326,0.047077784992002644
2005-12,0.04774132389965777,0.04720067055263508,0.04646531078459325,0.04820860200645822,0.04843950273056805
2006-01,0.04793107551610449,0.04796925610247737,0.04293528485790629,0.04816524552940289,0.04874052584283092
2006-02,0.05101885716668447,0.04833037114168537,0.04850777049309928,0.049042055377099686,0.0503993928678573
2006-03,0.05115677139419083,0.05013571155255364,0.05157222128621519,0.05158226563509921,0.051737857353119816
2006-04,0.05411838357210398,0.05293522330597671,0.05266677142921802,0.053216886699264145,0.05319696927442012
2006-05,0.05556696990942096,0.05203183188882046,0.05249294319445799,0.053098600984071244,0.05371479994213014
2006-06,0.05405065628815444,0.05423745191644975,0.055075652640090934,0.05625899009806882,0.055536177609825745
2006-07,0.05990290013172328,0.05678322173852959,0.05379325979394996,0.0569767625839237,0.056533374949585574
2006-08,0.055116902072968404,0.05506059380782044,0.05456331730759936,0.05473005051237604,0.05497524417186356
2006-09,0.05177610471879324,0.05271461335421677,0.05484022264994455,0.05400882405704172,0.05448150022878328
2006-10,0.05257203132641175,0.05450862694307136,0.054972117941060064,0.05401513286788642,0.05392421193097658
2006-11,0.059163164517038735,0.05473942321743043,0.055650318854149804,0.05431687261462076,0.05350736691543478
2006-12,0.05458447156866063,0.054577780824000874,0.05456147574401001,0.053671167927970075,0.0523493484955923
2007-01,0.053368631191945716,0.05433066618268938,0.042049171715025625,0.053687464314753644,0.053760719590215944
2007-02,0.05956161682852998,0.05523975973681074,0.05481576183440286,0.05439975513830778,0.05433345289712268
2007-03,0.05933745671500708,0.055592675899592284,0.05594691402655521,0.054234435351403064,0.053284357617806456
2007-04,0.0570261655828093,0.05551096365781949,0.05631108211381541,0.053801333914394844,0.053135409520004166
2007-05,0.05346117893276637,0.05373503422496974,0.0541197094390472,0.053645790861784476,0.05400974865033015
2007-06,0.055686013091341156,0.053877904509411205,0.05463890027444442,0.05430117891702252,0.05451836852389048
2007-07,0.059144308056085726,0.05480238125325506,0.054500240475836244,0.054088885241532825,0.05409626775661255
2007-08,0.056441155207319266,0.05511276965190831,0.054452100721211524,0.05341411927431684,0.0515620545017249
2007-09,0.055845316083699366,0.0542624122709123,0.055656041197408815,0.052258230398144895,0.05028750774933312
2007-10,0.0476541139374143,0.04965626818862642,0.04877289156560995,0.04859804632012106,0.046978073397865645
2007-11,0.04678695746411862,0.048777523541406846,0.048395503334415536,0.04630316816873924,0.043261250098276645
2007-12,0.049665278762977605,0.0487224514526078,0.046928804243039454,0.04534256799887723,0.042457204109916366
2008-01,0.0471881523156412,0.03714064717964237,0.03827629594415959,0.0352057695185712,0.033162684971330986
2008-02,0.03205634677317965,0.0314805269863142,0.029837837572355468,0.02872818945853142,0.02722488704866333
2008-03,0.03246161384647388,0.027275198196534806,0.027396204069187843,0.024882570922516802,0.024416414593584297
2008-04,0.027402241743059448,0.027447121055781436,0.026527113977894444,0.02689906896174265,0.025094064072399752
2008-05,0.028679485277900933,0.026759533503865153,0.0256677626556582,0.02629335544695847,0.027313778069661097
2008-06,0.03206654744984607,0.02730550001776252,0.026802088252778387,0.028529736378058713,0.03063460180032635
2008-07,0.03191102308643648,0.027457291188095187,0.027322666935400548,0.028407436891391042,0.02973103355307579
2008-08,0.027407648430879537,0.025900581580281124,0.02688380922147679,0.028102882925262498,0.02882955717394826
2008-09,0.029630454462813094,0.02640859041489785,0.02698578724358286,0.029104220985718177,0.02843283088996227
2008-10,0.04194034851462379,0.034010722750063914,0.032411738495560755,0.028548539309030223,0.026223956623011826
2008-11,0.020831817142919682,0.020400045916652777,0.01939901714388561,0.019778665040225903,0.020223726177439193
2008-12,0.021082223441969177,0.01563690665718491,0.017189616550539716,0.013465219260728543,0.01612305224456915
2009-01,0.015307368310375657,0.010631559559496826,0.011909654651446357,0.01038680152610166,0.01044481379700532
2009-02,0.014078537376194076,0.010268944388235834,0.010283706454450984,0.0106851984606287,0.012146972779338065
2009-03,0.010060255283088184,0.00963011776183416,0.010717822369725332,0.011296838468608076,0.011924580088560795
2009-04,0.009028852252861562,0.00804905709018447,0.009334221831549975,0.010073011211251693,0.010836668818841814
2009-05,0.007005617552033475,0.006952794863697987,0.006982522190763489,0.007383416302790042,0.008000054584719907
2009-06,0.01037559727959353,0.006861665902229497,0.006771845516391808,0.007067993685295506,0.008620406012131194
2009-07,0.004405926958477987,0.005455731274747392,0.005294964900106186,0.005834289823237915,0.007481259462339743
2009-08,0.003245978310190053,0.004458690783114094,0.004048928848548896,0.005152416771667774,0.006213550549894833
2009-09,0.00482204406794382,0.0035295879078709506,0.0040724459776722505,0.0041484229438095155,0.0046144396473186185
2009-10,0.00229309551959435,0.0036105367669600954,0.003473127817391013,0.004174735078570411,0.005724053411622692
2009-11,0.006729868693453815,0.0031200542861365716,0.0031995983373956332,0.003743975963783559,0.004223472754324004
2009-12,0.0028670450828448884,0.0029846064411854305,0.003213042741311638,0.004311590165678309,0.005440837994053861
2010-01,0.003572109074664965,0.0027754646927096215,0.002666388689315487,0.0031491263003053456,0.00445661465795579
2010-02,0.0025802585161534427,0.003760934020423512,0.003240527940991238,0.00290014497488004,0.0041948798240714754
2010-03,0.005501466070992272,0.003583839293148429,0.0034113361756973287,0.0038305964072794284,0.004393975991812934
2010-04,0.0014335739958219488,0.0021732495010276017,0.003196368745772541,0.003908663007292257,0.004999371152683717
2010-05,0.006344217954090473,0.00523089293753933,0.00466031423085815,0.0057501442750260865,0.00701900121811338
2010-06,0.006118815981808935,0.004042677353533281,0.005313599759958923,0.006259415739399102,0.007352907420384516
2010-07,0.0036244904150671063,0.0042965758447274845,0.0044154559526948895,0.004807444387504726,0.005634923337929083
2010-08,0.004504608488091663,0.004712143722598081,0.003793388903788831,0.004191704046432647,0.004286431552474946
2010-09,0.005380939751905284,0.003672497870227864,0.0034163509364022694,0.003971174014381732,0.004254593138155343
2010-10,0.0016519481518883934,0.0027836762232511412,0.0024907099591875525,0.003553713581761533,0.00444826803673933
2010-11,0.0022013013886298567,0.002114211152884663,0.002641726797518169,0.003314656242618829,0.004500858596299924
2010-12,0.0010305344143819646,0.002208485251719289,0.003979556413514348,0.0038661181936157944,0.004920550829003967
2011-01,0.0008939203210596339,0.0018029484584808516,0.0029435882307446656,0.003495234783471783,0.004052258659610664
2011-02,0.001894004841493462,0.002889624538503885,0.0022130456563922234,0.003981528418919914,0.0036625336507841947
2011-03,0.0032215213928567157,0.004146863500288931,0.0038973570358167785,0.0038169748457549182,0.0037810086886909083
2011-04,0.00148480787729768,0.0026372555922862186,0.0026049573740199684,0.0035124449566612016,0.0034526964636168844
2011-05,0.007064886827656748,0.004298346045741822,0.003965849578699199,0.00414751454147739,0.004172074996365359
2011-06,0.005542427694104219,0.004149092398098384,0.005150187279529258,0.004424346981977712,0.0043036316499793625
2011-07,0.006186162479145231,0.004647463535462604,0.00431895694520796,0.004519641409598851,0.004857055019783235
2011-08,0.005147232175309406,0.004623320440326935,0.00439801124332497,0.003921212573447399,0.004223701268486415
2011-09,0.005845756714664866,0.0044843683007268105,0.004555572597319753,0.004322308880920413,0.004325652222190393
2011-10,0.0031497819554353484,0.004814692509240546,0.005083950658041346,0.005153080222176396,0.005250964595914289
2011-11,0.005599017721825293,0.004632041046354147,0.004638321136809713,0.005015574727106264,0.006532362561765059
2011-12,0.00823277991448638,0.006556088572160226,0.005977451806467331,0.006258502016276817,0.006270807994425696
2012-01,0.010512108102917205,0.004635963812670519,0.004414235118335732,0.0052755536484863485,0.00517498639574972
2012-02,0.006771645045590658,0.004797626990815319,0.00498533435837313,0.004839080336110883,0.005060400389063453
2012-03,0.006628504403371745,0.005499630088085813,0.005286368932370125,0.004762847496948977,0.004837963413640705
2012-04,0.006094745933124724,0.005364691407182173,0.004730540944582831,0.00535103794779722,0.0054289047560608095
2012-05,0.0021952793902738836,0.003491796615893455,0.004586815295367661,0.005289486378935019,0.00545430407638875
2012-06,0.0051523981534139455,0.005665712330624862,0.004718197462067427,0.005162816356106034,0.005571599712302218
2012-07,0.017378678246328924,0.0042167583123529735,0.0037849742927181045,0.004407904317056181,0.0044967498324166
2012-08,0.0071487116253266085,0.008050060966695768,0.004201239948663705,0.004526119368394858,0.004163279899684241
2012-09,0.005059820140686785,0.0025928300322674673,0.003917506423692103,0.004337924079320243,0.0033485550257345174
2012-10,0.007913499198915274,0.0037664811017431386,0.004395013593899464,0.004205951842647549,0.004396096100891294
2012-11,0.005518833448522685,0.0026461285365262303,0.003959967232866901,0.0036808184327142787,0.004138923326057627
2012-12,0.004188479525954543,0.005479682922010705,0.004388491428220272,0.004361318172426086,0.004264953211059847
2013-01,0.008266424093588975,0.0038461097263918446,0.0041130381597111595,0.004184059483600569,0.004539205041257707
2013-02,0.003040792480344918,0.006233697843107041,0.0050952281843503165,0.00469491491185397,0.0047918552941698545
2013-03,0.006520167340544068,0.0032403763419111458,0.0046096284939962625,0.004471251706303299,0.004426550810926681
2013-04,0.005359619184229889,0.004270111478087755,0.00380665153996844,0.00446787388980213,0.004544353775284436
2013-05,0.004136074754556759,0.003572129204081175,0.004313319299512038,0.004594270194716175,0.004760828434019312
2013-06,0.00701996598225694,0.005019866517722255,0.004851475579250585,0.005050109613653983,0.005027966709874735
2013-07,0.004977985620957279,0.0023976794077034762,0.004443873134626781,0.005256086075903594,0.005566904498137952
2013-08,0.006292608705709103,0.005293751034569402,0.005250984168001982,0.005903418372612801,0.0055635359718085795
2013-09,0.0014425752916412968,0.00023425966926317093,0.0023981082065070995,0.0036787199488399038,0.004316683750385353
2013-10,0.0015878203013123858,0.001357398989454578,0.001952911310146669,0.003487708612187053,0.00414342555756219
2013-11,0.0022166207830304047,0.0008615370909018968,0.0023768129274829683,0.0033792670239702377,0.003672042838784183
2013-12,0.009152670212070878,0.0041292090186087,0.004769734772646147,0.004606607094544768,0.004551274726896494
2014-01,0.005052512851060504,0.00439841348976386,0.004170392187389116,0.00478881317151401,0.004809707887344813
2014-02,0.0028620440154956926,0.0031850737565740535,0.004357596921861056,0.004740092443577081,0.004461613934622392
2014-03,0.0028713386311525094,0.0024587707842875636,0.003548817972519869,0.003982300839992941,0.0038740990831789683
2014-04,0.006204780562737162,0.004446265458873893,0.004033854833968321,0.003643104408182876,0.0036205779265891173
2014-05,0.002057296312724889,0.0004893728989465423,0.002193249012276471,0.003423810948774221,0.003568235049410377
2014-06,0.0027103280180648037,0.0008106719731578131,0.0023873590254990845,0.0036655732470171902,0.0037509644468060395
2014-07,0.003919806230166748,0.002785321869793892,0.0032932468260054746,0.0035402786060075146,0.004317832819632633
2014-08,0.0040976043661736135,0.002657458200761834,0.002989020192534941,0.0036452706765303182,0.004188461958700535
2014-09,0.002581343737340236,0.002897825743968254,0.0034113283247449977,0.003929901104932438,0.004541390056507795
2014-10,0.000603626479265278,0.002490602946104208,0.0029041455892658942,0.0039171764226527015,0.0041857967694923885
2014-11,0.005225715481773994,0.004692964596404292,0.004051868418651039,0.004387796888934013,0.004590463507280699
2014-12,0.0006555128493359792,0.0037196118257684925,0.0046781557022454665,0.005069662711024736,0.005808731578126351
2015-01,0.0021660489645124728,0.004823135271391499,0.003692135338245361,0.004748578973897932,0.005446659553083541
2015-02,-0.00234443593970961,0.002294845639403148,0.0031892078409621635,0.004396753800405393,0.00554764896624867
2015-03,0.0020456376431393693,0.003386457365455316,0.0042955379957706815,0.004354447017841492,0.005456372810036574
2015-04,0.0007230961798894306,0.0032414398594855236,0.003980541360341128,0.0048403373209801965,0.005321868268203307
2015-05,-0.0001227603288920988,0.0027948231993660242,0.004350624480348698,0.004974461391223919,0.005536589749963505
2015-06,0.004695486138357434,0.0036240553229935496,0.00502525533163501,0.005658497735383759,0.006315791241711379
2015-07,0.0019344366875890375,0.00434979721184997,0.005545044975706527,0.005997464738106289,0.006770567492110292
2015-08,0.0022933617055442075,0.003544875218266975,0.004994586303130529,0.005940819029817997,0.00668036240763544
2015-09,0.005151810013330316,0.004608850310621426,0.0055948858813231715,0.006108559956791785,0.006483668513402558
2015-10,0.003938876420226797,0.0037329494385203296,0.004902910416022091,0.006188722385306472,0.006507322534131806
2015-11,-0.0032003552186536327,0.006046024532160536,0.006174764517041967,0.007328566608771203,0.008472818997847421
2015-12,0.008821060617513787,0.007601347835252288,0.0082159260338841,0.00902055845705534,0.009879103832082046
2016-01,0.007401561595783283,0.007793158774570908,0.007947866607922313,0.00865515361377552,0.009411679114563613
2016-02,0.005859832056630035,0.006884243668607721,0.0069834287976216014,0.007108049087858301,0.00781346443085842
2016-03,0.0040166323475397565,0.00558408802546025,0.006581698180267066,0.0072616558505187835,0.008131512452500624
2016-04,0.006567075116020529,0.006250100327847447,0.0066611888626411445,0.007530165462650388,0.008194001281343533
2016-05,0.005174224551843053,0.006209992360963,0.007095748886334376,0.00781712091303721,0.00862298705219906
2016-06,0.005266773281938884,0.0064650357124193,0.007154312588830246,0.007995084128390194,0.008356073290428444
2016-07,0.00622111968519185,0.006712658065118757,0.007715405524487483,0.008326253618052722,0.00824857317673201
2016-08,0.006443402623593698,0.007737575192125383,0.00835757355174754,0.009138262938632442,0.009237751876368518
2016-09,0.009384679168490175,0.009237028995728673,0.009258090661510754,0.009568679080744373,0.009511138165339626
2016-10,0.011012363326236167,0.008973333413127817,0.009222142175440842,0.009783360148955917,0.009685284140116945
2016-11,0.007344129862342523,0.009612651299003601,0.010158450391299579,0.010113861722202898,0.01042459760465184
2016-12,0.007166989727616752,0.011589397209648461,0.012208683533309301,0.011924039890536866,0.013158160566817845
2017-01,0.011950230349547283,0.011710191824317179,0.011047694743478125,0.012369043457100631,0.013162841881589494
2017-02,0.009037882336027645,0.011052834359531166,0.011534335471241677,0.0123793486252147,0.013556698031664448
2017-03,0.007680051342749711,0.012921729057967481,0.012896496970934361,0.013147989825141577,0.014262708796349211
2017-04,0.01262199998748231,0.014010102717052064,0.013520193261255725,0.013954684272160947,0.014413896272791864
2017-05,0.013013299936511076,0.014168260811557452,0.014456516048644306,0.014904112755405539,0.01502977126349369
2017-06,0.009754512657829305,0.01515186651829037,0.01536069673330187,0.015704340273207794,0.01567886885620023
2017-07,0.008623255866672985,0.01491912257457324,0.015052068488564947,0.015952267212629066,0.015970227491575544
2017-08,0.011960043786834212,0.01529549458919993,0.015330303375258394,0.01579406432138432,0.01594683962977433
2017-09,0.016209082739390597,0.01591312671725433,0.015924476261547315,0.016158347354936497,0.016344815342886128
2017-10,0.01613724051885402,0.01658224400769618,0.016574493532385118,0.01683622407750634,0.017210062264039035
2017-11,0.016854346780981813,0.01761994805194777,0.01738964986655776,0.0177583859565055,0.018719170097666542
2017-12,0.024627309435991403,0.020756283897174068,0.020476932825232063,0.019982047061150712,0.02019607064614452
2018-01,0.02138258460234349,0.020902800640391,0.021002909416444105,0.021232445331633355,0.022128444125727176
2018-02,0.02013276855349279,0.022836197081134473,0.023125251860548035,0.024376734203998045,0.023868440421540606
2018-03,0.02596936789575853,0.0243820929704172,0.024250819838789305,0.02464708352875994,0.025774965959997564
2018-04,0.0235481656320958,0.023246982289352618,0.02377524461181567,0.025113435685842306,0.026811244808173307
2018-05,0.023443677250508884,0.02390143877413538,0.023673543217144488,0.02502662625910746,0.026564411174555366
2018-06,0.02344655763706847,0.023590775880664414,0.02408811017937039,0.025188498447920482,0.027296797793886086
2018-07,0.026409314165166745,0.02428918206831251,0.024555844153313033,0.026693973535568825,0.028092200602573378
2018-08,0.024182761014690253,0.02489550828401403,0.025100469241500514,0.027229863151215006,0.02777590451704173
2018-09,0.024994730870972533,0.025217717465656205,0.027111154208841696,0.02829647366201077,0.02839966971260063
2018-10,0.02489228186900684,0.026302703738639986,0.0278965367327644,0.02910527441169284,0.029839744755318087
2018-11,0.026138201257734275,0.028634465595819617,0.029043147431680516,0.029512102673488173,0.029954871991251818
2018-12,0.029326430487902073,0.0291609041220275,0.028525698862079188,0.02847999513533625,0.02903231247341012
2019-01,0.028751821529759518,0.02866670125553413,0.027397866590267328,0.027132190384636934,0.027571103604555586
2019-02,0.026511022419397637,0.0273898103636033,0.026885564250332856,0.02687586675622755,0.027150035720915466
2019-03,0.02770842071904387,0.027336685657299527,0.02668505375577032,0.02664764527044694,0.027027380817407066
2019-04,0.02787155128848641,0.027549374460251456,0.02701355037858725,0.02661600682786272,0.02666097691050977
2019-05,0.027907994441282225,0.026860433040026027,0.026552199133983777,0.026089647473009035,0.025349573092222563
2019-06,0.025615265987166812,0.026104445017778425,0.02508601708045227,0.024077346722884373,0.022622298215870067
2019-07,0.025421564974129694,0.025640195363148852,0.02456856073550673,0.023761552707737124,0.02199936206942412
2019-08,0.023092995887836868,0.024105512028191032,0.022959906346849284,0.02207689038825085,0.019607083666130586
2019-09,0.023377142860347627,0.02361613749771105,0.023068725693054595,0.022087965873401054,0.02022556222426531
2019-10,0.021698720088106475,0.02132085550382705,0.020794935172569678,0.019645114877930452,0.018721115716827594
2019-11,0.02163949123907087,0.021113111698980832,0.02041125195339065,0.019514043858233743,0.018977730481753205
2019-12,0.02340802386013355,0.021734019530460426,0.020142274264918082,0.01980029634064588,0.019354404318034944
2020-01,0.0183560045504548,0.020174861462881933,0.019790583783002705,0.019274534243415724,0.01900191145465736
2020-02,0.0203086045309345,0.0205398502316049,0.01908161983841741,0.01837484128478187,0.018206404797372316
2020-03,0.008573189812357787,0.008879367449379068,0.007879755452768913,0.007131113487230098,0.007576850606921235
2020-04,0.006479469234744887,0.005705413030666223,0.005429234348102826,0.005638991840635065,0.0063266926648184885
2020-05,0.004273648087226984,0.004133329285205386,0.003639428928244634,0.004148268493656597,0.0044601179368645065
2020-06,0.003062154873294031,0.003975885679375359,0.003868258341123217,0.004086977012329441,0.00446996355051481
2020-07,0.004643483152564947,0.004200092394014494,0.0038425631676287366,0.00411160212118712,0.00401571471804857
2020-08,0.005159849151946608,0.004518395964391502,0.0038284657257871475,0.004486045581112414,0.004191778061879142
2020-09,0.004954058966014325,0.005345117351271512,0.0054465612209173625,0.005050605768487046,0.004642874860918756
2020-10,0.004268626189268598,0.004583393929065204,0.0052418595889431275,0.0047246759443916745,0.004567510008140533
2020-11,0.003965779361107556,0.005845334648429004,0.005505444643858625,0.0047682521064001185,0.004418283552806329
2020-12,0.008733852153900847,0.007458710715432915,0.006028986339870406,0.0053302333812256086,0.005280587987653892
2021-01,0.005138935737468806,0.004902971798828147,0.004980565910320152,0.00483292560591436,0.0049891458092564634
2021-02,0.004604957238684768,0.004821392250246687,0.005032293865932392,0.0047250705755135895,0.005021589712051762
2021-03,0.006671703229876808,0.005363832832311555,0.005372017857113573,0.005216449013246182,0.005469065159398507
2021-04,0.003663087938614102,0.004434158434923795,0.004757426859089674,0.0048774530040166155,0.005437362756460969
2021-05,0.003891157104797726,0.003760560137948215,0.004430385979958757,0.0048634475677485365,0.005242475780474312
2021-06,0.004497720730339598,0.004875092840282598,0.004694931837898746,0.004949683090350613,0.005092784748044661
2021-07,0.004959690400747285,0.004920898996786698,0.004819199849984656,0.005058596572185299,0.004954162893258852
2021-08,0.004340098001838711,0.004816447539030128,0.004937709154233372,0.005270692802849797,0.004910058942759526
2021-09,0.004223375605253626,0.0042196992029242385,0.004879216998639656,0.0049348967729159615,0.004698453383069495
2021-10,0.00356679185776156,0.004748711384702406,0.005678050368166306,0.005204450047104344,0.00515590455907412
2021-11,0.005114453463719933,0.005997612420138812,0.005411042225111489,0.005533833771467604,0.006031157239394475
2021-12,0.005119904797231413,0.006168541365010811,0.0058273514436493765,0.00600295860564355,0.006831829182394911
2022-01,0.005191258949726241,0.004818860817964907,0.005158609016679618,0.006047330581253178,0.008046397917021804
2022-02,0.0059053110937333985,0.005322325310143762,0.006563561580137415,0.008733835297609821,0.012202630599811484
2022-03,0.006243545269812207,0.006712398981005266,0.007574025074357537,0.010841344136742571,0.015000646171951758
2022-04,0.007732986070513563,0.008926783132698,0.011652793759944992,0.015866735296607058,0.022084925114919933
2022-05,0.011579093230835807,0.012479710757183887,0.015567554548392124,0.019917942999486377,0.02488016583763173
2022-06,0.013468352946623597,0.018331396195981217,0.0206890777787149,0.024826751436769375,0.031551482118119735
2022-07,0.020217023500957425,0.023063252175825787,0.02659504913165947,0.0310612749639665,0.033511183624497176
2022-08,0.024554587336153857,0.02786522908884659,0.03071064197903728,0.034532803442752336,0.036379572992790904
2022-09,0.0273579624432151,0.030690723247361044,0.03572336024053906,0.04037516901727424,0.042997388328557484
2022-10,0.031777874440063185,0.03680934319994585,0.04151607905542789,0.04485456876911932,0.04726433047259254
2022-11,0.0406646360561762,0.046190832619318715,0.046219668863483915,0.048200241788771886,0.04941384843054868
2022-12,0.04619490488979133,0.04692997343353577,0.04812134958093463,0.04923918695498606,0.04958152214625283
2023-01,0.04361447063615441,0.04647108348365453,0.047524929560290724,0.048778063627436107,0.04909634335925954
2023-02,0.04630822491353283,0.0483516753250566,0.048637849964075615,0.0503110433080914,0.05143103055599163
2023-03,0.049354842322094104,0.05040133448774911,0.04998663997120154,0.04979409352762453,0.04823461587342081
2023-04,0.05137953358845084,0.052073771086944824,0.051302638421987554,0.05092327858906366,0.04898893608801926
2023-05,0.053048249481009155,0.053188628188389736,0.052585081053295,0.05190968762661932,0.04947881553814855
2023-06,0.05157346345389363,0.053901887041892055,0.05444522087105519,0.05483512995319863,0.053941546617151635
2023-07,0.0555556866646057,0.05638407182507761,0.05596897686699676,0.056365060745486056,0.05528745035909462
2023-08,0.057876067577735835,0.05756263261362844,0.05736898435414495,0.057550527266688994,0.05625771144223151
2023-09,0.05403706178933523,0.05576962800218166,0.05718807456810074,0.05749112399535104,0.056561918968430325
2023-10,0.05557041266923185,0.05785014337177084,0.05779860729685623,0.057210914975498794,0.055943665938443195
2023-11,0.055402957774399304,0.05808487724532939,0.05723197776023331,0.05616113880365936,0.05456266212131555
2023-12,0.0562441114963079,0.057083077259189305,0.056910780049994,0.05498646134253134,0.05180485503520861
2024-01,0.05734177561458249,0.0576548666910552,0.055787908447751305,0.0539079282879104,0.04999005927933474
2024-02,0.05581003477150046,0.05767411429279515,0.05626800938971844,0.054536640932645576,0.051947718722879094
2024-03,0.05723581972536577,0.057195635819749846,0.05643473791771893,0.05471701130876413,0.05244043361471393
2024-04,0.0574850213650569,0.05744543895166366,0.056835943511799714,0.05542963438454796,0.054154551528939554
2024-05,0.05824775379552103,0.058723085314757416,0.0574764082123137,0.055937343415423696,0.054361946798602526
2024-06,0.05567021730199568,0.0589021947972671,0.057633199465556985,0.05635272335035031,0.05414678526183334
2024-07,0.054954511766239666,0.05714633010589033,0.05616897391938147,0.054346303915015236,0.0514577148197032
2024-08,0.05579430691136612,0.05633549117725994,0.05359185213350247,0.05039120764406253,0.04610123211651472
2024-09,0.05350811135881207,0.05395589577780447,0.05170644273628428,0.04734487616850577,0.042568803802316604
2024-10,0.04886108589765567,0.05153346056189565,0.050478508273502545,0.04719497552607758,0.044432429280225234
2024-11,0.051513542739301296,0.0527473160803353,0.050959272155523254,0.04866869656286326,0.04653288918329869
2024-12,0.05206464329682696,0.052602098383791644,0.05110137967657187,0.04860420886276533,0.04660002661761657
2025-01,0.04474454808622592,0.046601101738405856,0.04657945945546323,0.0457470909794971,0.04538618028388293
2025-02,0.04663812839748638,0.04757751871130445,0.04649522896464868,0.0457325639456161,0.04538134620952698
2025-03,0.04587120466971559,0.04654947365770251,0.04553086296284615,0.044514149648660226,0.04370457395218334
2025-04,0.04311326720805613,0.04541153065303291,0.044831110753456076,0.043174233684237395,0.04158285984618739
2025-05,0.041298723955560765,0.045580627458187424,0.045188338405121264,0.04448889962458598,0.04301438721900987
2025-06,0.04367831264372063,0.044703548902502194,0.04440129495757131,0.043940174703740766,0.04292520687192545
2025-07,0.0485278545511225,0.04774046784365951,0.046215330250878345,0.044542017337768317,0.04276511432431568
